sample_id,file,bag,tick_ts,gt_label,vad_active,size,argmax,eL,lx,ly,eR,rx,ry,eT,tx,ty,eO,ox,oy
sample_01,sample_01.png,G5_game4_Tele,1781662132827566976,Right,0,1080x1080,Right,0.251,377,400,0.855,765,425,0.000,377,645,0.286,788,370
sample_05,sample_05.png,G8_game4_Random,1781748365686067456,Teleoperator,1,1080x1080,Teleoperator,0.000,309,399,0.000,699,420,0.329,538,838,0.000,0,0
sample_06,sample_06.png,G11_game6_PSSP,1781834684027772800,Right,0,1080x1080,Right,0.000,330,375,0.157,716,464,0.000,377,645,0.078,522,94
sample_07,sample_07.png,G11_game3_Random,1781832756021132416,Left,0,1080x1080,Left,0.902,344,458,0.000,681,400,0.000,450,645,0.208,307,377
sample_08,sample_08.png,G11_game3_Random,1781832855271132416,Left,0,1080x1080,Left,0.929,348,464,0.000,681,403,0.000,454,645,0.196,326,387
sample_11,sample_11.png,G13_game5_PSSP,1781853588300958080,Others,0,1080x1080,Others,0.114,311,444,0.349,819,475,0.000,433,645,0.612,811,516
sample_12,sample_12.png,G13_game5_PSSP,1781853614550958080,Teleoperator,1,1080x1080,Teleoperator,0.000,301,385,0.000,709,392,1.000,515,734,0.016,529,555
sample_14,sample_14.png,G6_game5_PSSP,1781668884491057280,Left,1,1080x1080,Left,0.886,361,430,0.000,674,399,0.004,395,645,0.153,339,350
sample_16,sample_16.png,G10_game4_Tele,1781767394974140416,Right,0,1080x1080,Right,0.016,303,447,0.541,715,443,0.000,377,645,0.000,0,0
